email,name
user138@example.com,Valid User
user791@example.com,Valid User
user409@example.com,Valid User
user243@example.com,Valid User
user678@example.com,Valid User
user317@example.com,Valid User
user322@example.com,Valid User
user133@example.com,Valid User
user341@example.com,Valid User
user953@example.com,Valid User
user441@example.com,Valid User
user604@example.com,Valid User
user667@example.com,Valid User
user813@example.com,Valid User
user778@example.com,Valid User
user386@example.com,Valid User
user750@example.com,Valid User
user517@example.com,Valid User
user310@example.com,Valid User
user321@example.com,Valid User
user754@example.com,Valid User
user943@example.com,Valid User
user340@example.com,Valid User
user943@example.com,Valid User
user529@example.com,Valid User
user164@example.com,Valid User
user760@example.com,Valid User
user770@example.com,Valid User
user657@example.com,Valid User
user121@example.com,Valid User
user975@example.com,Valid User
user193@example.com,Valid User
user467@example.com,Valid User
user565@example.com,Valid User
user802@example.com,Valid User
bad_email_format,Valid Name
user497@example.com,Valid User
bad_email_format,Valid Name
user228@example.com,Valid User
user806@example.com,Valid User
user218@example.com,Valid User
user479@example.com,Valid User
user653@example.com,Valid User
user701@example.com,Valid User
user258@example.com,Valid User
user844@example.com,Valid User
user518@example.com,Valid User
user711@example.com,Valid User
user905@example.com,Valid User
user763@example.com,Valid User
user151@example.com,Valid User
user146@example.com,Valid User
user225@example.com,Valid User
user734@example.com,Valid User
user907@example.com,
user883@example.com,Valid User
user479@example.com,Valid User
user349@example.com,Valid User
user201@example.com,Valid User
user650@example.com,Valid User
user199@example.com,Valid User
user555@example.com,Valid User
user949@example.com,Valid User
user724@example.com,Valid User
user700@example.com,Valid User
user201@example.com,Valid User
user860@example.com,Valid User
user382@example.com,Valid User
user674@example.com,Valid User
user238@example.com,Valid User
user162@example.com,Valid User
user170@example.com,Valid User
user575@example.com,Valid User
user507@example.com,Valid User
user730@example.com,Valid User
user471@example.com,Valid User
user476@example.com,Valid User
user326@example.com,Valid User
user932@example.com,Valid User
user294@example.com,Valid User
user554@example.com,Valid User
user312@example.com,Valid User
user435@example.com,Valid User
user860@example.com,Valid User
user990@example.com,Valid User
user582@example.com,Valid User
user524@example.com,Valid User
user757@example.com,Valid User
user564@example.com,Valid User
user601@example.com,Valid User
user339@example.com,Valid User
user102@example.com,
user125@example.com,Valid User
user905@example.com,Valid User
user817@example.com,Valid User
user411@example.com,Valid User
user786@example.com,Valid User
user968@example.com,Valid User
user764@example.com,Valid User
user219@example.com,Valid User
